Name,Capital,Population,Area (km²)
Andorra,Andorra la Vella,0.002515069307225956,0.0005131297626226632
United Arab Emirates,Abu Dhabi,0.14897572904224185,0.09087221095334685
Afghanistan,Kabul,0.8719291976851063,0.7099391480730223
Antigua and Barbuda,St. John's,0.0025975276509414354,0.0004857189847047859
Anguilla,The Valley,0.0003968420071187241,0.00011183597390493942
Albania,Tirana,0.08943322973044267,0.031520201743325475
Armenia,Yerevan,0.08886578218865045,0.03267364727810975
American Samoa,Pago Pago,0.001733032459185066,0.00021818979222630337
Austria,Vienna,0.24566837697367822,0.09194452058549421
Aruba,Oranjestad,0.0021427791671539617,0.00021161120552601283
Åland,Mariehamn,0.0007997620983965775,0.001732361164409846
Azerbaijan,Baku,0.2486179544450287,0.094950934707527
Bosnia and Herzegovina,Sarajevo,0.1374305728591326,0.056059426566525954
Barbados,Bridgetown,0.008552822533535905,0.0004725618113042048
Belgium,Brussels,0.31147935717942404,0.03345211337097747
Burkina Faso,Ouagadougou,0.48630095642696325,0.30064141220327834
Bulgaria,Sofia,0.2140439254459203,0.12160517515487089
Bahrain,Manama,0.02209680010726172,0.0007291266926155364
Burundi,Bujumbura,0.2953145576223637,0.03051367797818102
Benin,Porto-Novo,0.27114872377299204,0.1234800723644537
Saint Barthélemy,Gustavia,0.00025300399578642057,2.302505345101694e-05
Bermuda,Hamilton,0.0019571131579383884,5.811084918589989e-05
Brunei,Bandar Seri Begawan,0.01182762241935176,0.0063264075434460824
Bonaire,Kralendijk,0.0005393027185923086,0.0003596294062825503
Bahamas,Nassau,0.009035985312234776,0.015284249767008387
Bhutan,Thimphu,0.02095432987445433,0.05153226248560934
Bouvet Island,Unknown,0.0,5.3725124719039524e-05
Botswana,Gaborone,0.06076009226950932,0.65826434954224
Belarus,Minsk,0.2899815028628974,0.22761909983005316
Belize,Belmopan,0.009417197960087168,0.02518063702647881
Cocos [Keeling] Islands,West Island,1.8803137201641673e-05,1.5350035634011293e-05
Central African Republic,Bangui,0.14506341896964678,0.6830590428156351
Republic of the Congo,Brazzaville,0.09099538718324275,0.3749794419165616
Switzerland,Bern,0.22698500497714252,0.04527164080916616
Ivory Coast,Yamoussoukro,0.6305278154389446,0.35355517789594865
Cook Islands,Avarua,0.0006403845517017708,0.00026314346801162216
Chile,Santiago,0.501411732355187,0.8299435337974891
Cameroon,Yaoundé,0.5776919280826711,0.5212872101310235
Costa Rica,San José,0.13522150365095245,0.056027630064141215
Cuba,Havana,0.34201948448145353,0.12155035359903514
Cape Verde,Praia,0.015229912366002947,0.004421906693711967
Curacao,Willemstad,0.004244658516764224,0.00048681541582150096
Christmas Island,Flying Fish Cove,4.491195191474921e-05,0.00014801820075653746
Cyprus,Nicosia,0.03301558426766661,0.010141987829614604
Czech Republic,Prague,0.31366507217260853,0.08647113645085247
Djibouti,Djibouti,0.022172371951683603,0.025217915684447124
Denmark,Copenhagen,0.16419809620032313,0.04724960254372019
Dominica,Roseau,0.0021801159698457565,0.0008267090620031796
Dominican Republic,Santo Domingo,0.29413798424740234,0.05342908831752645
Ecuador,Quito,0.44285005019060336,0.3109040074557316
Estonia,Tallinn,0.03865930996917783,0.04958719368455677
Western Sahara,Laâyoune / El Aaiún,0.00817421477889457,0.29165067704621456
Eritrea,Asmara,0.17344947923394105,0.133019023079875
Finland,Helsinki,0.15701218389396326,0.36953017926648757
Fiji,Suva,0.02622807091609184,0.020031796502384736
Falkland Islands,Stanley,7.898515276740562e-05,0.01334685598377282
Micronesia,Palikir,0.0032249176778892056,0.0007696946439339948
Faroe Islands,Tórshavn,0.0014440090779630167,0.0015339071322844143
Gabon,Libreville,0.0462669455040172,0.2934784277177786
Grenada,St. George's,0.0032282112210296203,0.00037717230414999176
Georgia,Tbilisi,0.13862822491019258,0.07642124883504194
French Guiana,Cayenne,0.005853704047363306,0.0997752316210734
Guernsey,St Peter Port,0.0019530111996635079,8.55216271037772e-05
Ghana,Accra,0.7287664225791904,0.262551395208596
Gibraltar,Gibraltar,0.0008348832447939114,7.1268022586481e-06
Gambia,Bathurst,0.04770415790659045,0.012389671618880544
Guinea,Conakry,0.3091147429111125,0.26956526506222245
Guadeloupe,Basse-Terre,0.013263996465489269,0.0019516473877528643
Equatorial Guinea,Malabo,0.03039039085434569,0.030755989254975056
Greece,Athens,0.32935431404149423,0.1446631215393893
South Georgia and the South Sandwich Islands,Grytviken,8.982390382949843e-07,0.004279370648539006
Guatemala,Guatemala City,0.4057178064691296,0.11939038429910641
Guam,Hagåtña,0.004771385888820404,0.0006019406830765857
Guinea-Bissau,Bissau,0.04686190910168252,0.03960309193574914
Guyana,Georgetown,0.022410644827241987,0.2356997971602434
Hong Kong,Hong Kong,0.20655563593796908,0.0011973027794528808
Heard Island and McDonald Islands,Unknown,0.0,0.000451729620086618
Honduras,Tegucigalpa,0.23921348153798405,0.1228989638725947
Croatia,Zagreb,0.13446638403275915,0.06199440820130475
Haiti,Port-au-Prince,0.28890134047804644,0.030425963488843813
Hungary,Budapest,0.29887406934201777,0.10200098678800504
Ireland,Dublin,0.13841615067325114,0.0770571788827367
Israel,Unknown,0.220187880467858,0.022772874294172466
Isle of Man,Douglas,0.002247064719500009,0.0006271585987610328
British Indian Ocean Territory,Unknown,0.0001197652051059979,6.578586700290554e-05
Iraq,Baghdad,0.8884064646622882,0.47921934104489883
Iceland,Reykjavik,0.009249167377323453,0.11293240502165451
Jersey,Saint Helier,0.0027190294515214704,0.0001271860095389507
Jamaica,Kingston,0.08524983111609016,0.01205087440381558
Jordan,Amman,0.19183646228914064,0.10120059207280302
Kyrgyzstan,Bishkek,0.17295592682369923,0.2176415766679458
Cambodia,Phnom Penh,0.4327619874341149,0.19849788937010032
Kiribati,Tarawa,0.002770558431018326,0.0008892056356559399
Comoros,Moroni,0.02315681199635363,0.0023792555232717504
Saint Kitts and Nevis,Basseterre,0.0015310184994725242,0.0002861685214626391
North Korea,Pyongyang,0.686020394457482,0.13216380680883724
Kuwait,Kuwait City,0.08351024151192554,0.019538402499862946
Cayman Islands,George Town,0.0013255014075106318,0.0002872649525793542
Laos,Vientiane,0.19067105701955545,0.25963488843813387
Lebanon,Beirut,0.12351526326697564,0.01140288361383696
Saint Lucia,Castries,0.0048182140840168485,0.0006754015678964969
Liechtenstein,Vaduz,0.0010479455446774817,0.00017542897867441477
Sri Lanka,Colombo,0.644156856249597,0.07193684556767721
Liberia,Monrovia,0.11033597074279758,0.12210953346855984
Lesotho,Maseru,0.05747388474790712,0.03328216654788663
Lithuania,Vilnius,0.08816093401530037,0.07148730880982401
Luxembourg,Luxembourg,0.014896935154506996,0.0028353708678252286
Latvia,Riga,0.06640887805093627,0.0708173893975111
Morocco,Rabat,0.9469663503487953,0.4896113151691245
Monaco,Monaco,0.0009870149965798053,2.13804067759443e-06
Moldova,Chişinău,0.12946618671958374,0.037106518282988867
Montenegro,Podgorica,0.019962763800080496,0.015378542843045885
Saint Martin,Marigot,0.0010756412483582437,5.811084918589989e-05
Madagascar,Antananarivo,0.6372061029234627,0.6436489227564278
Marshall Islands,Majuro,0.001971904160768979,0.00019878296146044625
Macedonia,Skopje,0.06174776597471721,0.027775889479743434
Macao,Macao,0.013449572650801012,0.00027849350364563344
Northern Mariana Islands,Saipan,0.0016133271366816212,0.0005229976426730991
Martinique,Fort-de-France,0.012961589322596624,0.0012060742283866016
Montserrat,Plymouth,0.0002796816952237816,0.00011183597390493942
Malta,Valletta,0.01206634441442929,0.00034647223288196915
Mauritius,Port Louis,0.038747157747123076,0.0022367194780987883
Maldives,Malé,0.011846275850047017,0.00032892933501452767
Malawi,Lilongwe,0.46251825146872566,0.12990515870840413
Malaysia,Kuala Lumpur,0.8465821795003767,0.3615481607368017
Mozambique,Maputo,0.6605485509877307,0.8788882188476509
Namibia,Windhoek,0.06372919146929211,0.9050139794967381
New Caledonia,Noumea,0.006482112078554478,0.02089797708458966
Norfolk Island,Kingston,5.4732698733441045e-05,3.79365166383422e-05
Nicaragua,Managua,0.17952588668019895,0.14198125102790415
Netherlands,Amsterdam,0.49837295974733375,0.045530398552710925
Norway,Oslo,0.14998046928917735,0.35548489666136723
Nepal,Kathmandu,0.8668561232446239,0.154377501233485
Nauru,Yaren,0.00030135919734796724,2.302505345101694e-05
Niue,Alofi,6.485285856489787e-05,0.00028507209034592403
New Zealand,Wellington,0.12731870676812937,0.294589112439011
Oman,Muscat,0.0888573088003892,0.2329477550572885
Panama,Panama City,0.10212007767252612,0.08574091332712022
French Polynesia,Papeete,0.008098672875773961,0.00456882846335179
Papua New Guinea,Port Moresby,0.18157947071085023,0.5074721780604133
Saint Pierre and Miquelon,Saint-Pierre,0.00020994840455081432,0.00026533633024505236
Pitcairn Islands,Adamstown,1.377299858718976e-06,5.153226248560934e-05
Puerto Rico,San Juan,0.1172690587011787,0.0099819088865742
Palestine,Unknown,0.113776944850698,0.006545693766789101
Portugal,Lisbon,0.3196533324279084,0.1013003673044241
Palau,Melekeok,0.000596041484511275,0.0005021654514555122
Paraguay,Asunción,0.19090064691774367,0.4459733567238638
Qatar,Doha,0.025178418717241597,0.01253988268187051
Réunion,Saint-Denis,0.023262834144173714,0.0027597171207718874
Romania,Bucharest,0.6574893584124069,0.2604023902198344
Serbia,Belgrade,0.21991427685679335,0.09688174990406227
Rwanda,Kigali,0.33103030832174757,0.028877802752042103
Solomon Islands,Honiara,0.016743115791215953,0.031193465270544375
Seychelles,Victoria,0.002645014554765964,0.000498876158105367
Sweden,Stockholm,0.29428272049777293,0.4933545310015898
Singapore,Singapore,0.14075612325061213,0.0007594978345485445
Saint Helena,Jamestown,0.0002233621075226861,0.00044953675785318787
Slovenia,Ljubljana,0.06009219166193445,0.022227948029165067
Svalbard and Jan Mayen,Longyearbyen,7.635031825507366e-05,0.06803245436105476
Slovakia,Bratislava,0.16332979846330464,0.053555177895948686
Sierra Leone,Freetown,0.15706293439962693,0.07865796831314072
San Marino,San Marino,0.000942462340280374,6.710158434296366e-05
Senegal,Dakar,0.36897420083822474,0.21510882078833396
Somalia,Mogadishu,0.302780001917441,0.6991469765911956
Suriname,Paramaribo,0.01475594156679596,0.17901430842607313
South Sudan,Juba,0.24732981978151117,0.7064623650019187
São Tomé and Príncipe,São Tomé,0.00526392029481882,0.0010975275478318073
El Salvador,San Salvador,0.18120667156865652,0.023068910695685542
Sint Maarten,Philipsburg,0.0011206729654780988,2.302505345101694e-05
Syria,Damascus,0.6646402992788758,0.20303711419330078
Swaziland,Mbabane,0.04054204893474539,0.01903733347952415
Turks and Caicos Islands,Cockburn Town,0.0006154733890397232,0.0004714653801874897
French Southern Territories,Port-aux-Français,4.191782178709927e-06,0.008583959212762457
Togo,Lomé,0.19723050747930712,0.06226084096266652
Tajikistan,Dushanbe,0.2241851639534758,0.1568992928019297
Tokelau,Unknown,4.389394767134823e-05,1.0964311167150923e-05
East Timor,Dili,0.034570974986378206,0.01645414176854339
Turkmenistan,Ashgabat,0.14793745453787668,0.5351680280686366
Tunisia,Tunis,0.31704918774938484,0.17938709500575625
Tonga,Nuku'alofa,0.003670204710473306,0.000820130475302889
Trinidad and Tobago,Port of Spain,0.03678860740672342,0.005622498766514993
Tuvalu,Funafuti,0.0003135453069675025,2.85072090345924e-05
Taiwan,Taipei,0.6854876488838691,0.03944959157940902
Uganda,Kampala,1.0,0.2588016007894304
U.S. Minor Outlying Islands,Unknown,0.0,0.0
Uruguay,Montevideo,0.10410590453838868,0.19321309138753356
Uzbekistan,Tashkent,0.83433645675,0.4905432816183323
Vatican City,Vatican City,2.757593847565602e-05,4.824296913546406e-07
Saint Vincent and the Grenadines,Kingstown,0.003120392595132946,0.0004265117044021709
Venezuela,Caracas,0.8150988712668363,1.0
British Virgin Islands,Road Town,0.0006506244767383336,0.00016775396085740913
U.S. Virgin Islands,Charlotte Amalie,0.003254858979165705,0.0003859437530837125
Vanuatu,Port Vila,0.006633555180411012,0.013376459623924126
Wallis and Futuna,Mata-Utu,0.00047980935295590413,0.0003004221259799353
Samoa,Apia,0.005748759786389176,0.003227893207609232
Kosovo,Pristina,0.05389434229769906,0.011959870621128228
Yemen,Sanaa,0.703481682301116,0.5788827366920672
Mayotte,Mamoudzou,0.004761924437617029,0.0004100652376514445
Zambia,Lusaka,0.4030190472785723,0.8251894084754124
Zimbabwe,Harare,0.3488717908089906,0.42824406556658073
